{"bins": [-1.6449116095598888, -1.6111173240531955, -1.5773230385465022, -1.543528753039809, -1.5097344675331157, -1.4759401820264224, -1.4421458965197291, -1.4083516110130359, -1.3745573255063426, -1.3407630399996493, -1.306968754492956, -1.2731744689862627, -1.2393801834795695, -1.2055858979728762, -1.171791612466183, -1.1379973269594896, -1.1042030414527964, -1.070408755946103, -1.0366144704394098, -1.0028201849327165, -0.9690258994260231, -0.9352316139193299, -0.9014373284126366, -0.8676430429059433, -0.8338487573992499, -0.8000544718925566, -0.7662601863858634, -0.7324659008791701, -0.6986716153724768, -0.6648773298657835, -0.6310830443590902, -0.597288758852397, -0.5634944733457037, -0.5297001878390104, -0.49590590233231713, -0.46211161682562385, -0.42831733131893057, -0.3945230458122373, -0.360728760305544, -0.32693447479885074, -0.29314018929215746, -0.2593459037854642, -0.2255516182787709, -0.19175733277207763, -0.15796304726538435, -0.12416876175869107, -0.09037447625199779, -0.056580190745304515, -0.022785905238611015, 0.011008380268082263, 0.04480266577477554, 0.07859695128146882, 0.1123912367881621, 0.14618552229485537, 0.17997980780154865, 0.21377409330824193, 0.2475683788149352, 0.2813626643216285, 0.31515694982832176, 0.34895123533501504, 0.3827455208417083, 0.4165398063484016, 0.4503340918550949, 0.48412837736178815, 0.5179226628684814, 0.5517169483751747, 0.585511233881868, 0.6193055193885613, 0.6530998048952545, 0.6868940904019478, 0.7206883759086411, 0.7544826614153344, 0.7882769469220277, 0.8220712324287209, 0.8558655179354142, 0.8896598034421075, 0.9234540889488008, 0.957248374455494, 0.9910426599621873, 1.0248369454688806, 1.0586312309755739, 1.0924255164822672, 1.1262198019889604, 1.1600140874956537, 1.193808373002347, 1.2276026585090403, 1.2613969440157335, 1.2951912295224268, 1.32898551502912, 1.3627798005358134, 1.3965740860425067, 1.4303683715492, 1.4641626570558932, 1.4979569425625865, 1.5317512280692798, 1.565545513575973, 1.5993397990826668, 1.63313408458936, 1.6669283700960533, 1.7007226556027466, 1.7345169411094397], "dt": 0.2}