{"bins": [-3.5520561147033796, -3.489220891055248, -3.426385667407116, -3.3635504437589843, -3.3007152201108525, -3.2378799964627207, -3.175044772814589, -3.112209549166457, -3.0493743255183254, -2.9865391018701937, -2.923703878222062, -2.86086865457393, -2.7980334309257984, -2.7351982072776666, -2.672362983629535, -2.609527759981403, -2.5466925363332713, -2.4838573126851395, -2.4210220890370078, -2.358186865388876, -2.2953516417407442, -2.2325164180926125, -2.1696811944444807, -2.106845970796349, -2.0440107471482167, -1.981175523500085, -1.9183402998519532, -1.8555050762038214, -1.7926698525556897, -1.729834628907558, -1.6669994052594261, -1.6041641816112944, -1.5413289579631626, -1.4784937343150308, -1.415658510666899, -1.3528232870187673, -1.2899880633706355, -1.2271528397225038, -1.164317616074372, -1.1014823924262402, -1.0386471687781085, -0.9758119451299767, -0.9129767214818449, -0.8501414978337132, -0.7873062741855814, -0.7244710505374496, -0.6616358268893179, -0.5988006032411861, -0.5359653795930539, -0.47313015594492214, -0.41029493229679037, -0.3474597086486586, -0.28462448500052684, -0.22178926135239507, -0.1589540377042633, -0.09611881405613154, -0.033283590407999775, 0.02955163324013199, 0.09238685688826376, 0.15522208053639552, 0.2180573041845273, 0.28089252783265906, 0.3437277514807908, 0.4065629751289226, 0.46939819877705435, 0.5322334224251861, 0.5950686460733179, 0.6579038697214497, 0.7207390933695814, 0.7835743170177132, 0.846409540665845, 0.9092447643139767, 0.9720799879621085, 1.0349152116102402, 1.097750435258372, 1.1605856589065038, 1.2234208825546355, 1.2862561062027673, 1.349091329850899, 1.4119265534990308, 1.4747617771471626, 1.5375970007952944, 1.6004322244434261, 1.663267448091558, 1.7261026717396897, 1.7889378953878214, 1.8517731190359532, 1.914608342684085, 1.9774435663322167, 2.0402787899803485, 2.1031140136284803, 2.165949237276612, 2.228784460924744, 2.2916196845728756, 2.3544549082210073, 2.417290131869139, 2.4801253555172718, 2.5429605791654035, 2.6057958028135353, 2.668631026461667, 2.731466250109799], "dt": 0.003968253968253968}