{"bins": [-2.406322909350292, -2.361870982443144, -2.3174190555359955, -2.2729671286288475, -2.2285152017216996, -2.1840632748145516, -2.1396113479074033, -2.0951594210002553, -2.0507074940931074, -2.006255567185959, -1.961803640278811, -1.917351713371663, -1.872899786464515, -1.8284478595573668, -1.7839959326502188, -1.7395440057430709, -1.6950920788359227, -1.6506401519287746, -1.6061882250216266, -1.5617362981144787, -1.5172843712073305, -1.4728324443001823, -1.4283805173930344, -1.3839285904858862, -1.339476663578738, -1.2950247366715901, -1.250572809764442, -1.206120882857294, -1.1616689559501459, -1.117217029042998, -1.0727651021358497, -1.0283131752287018, -0.9838612483215536, -0.9394093214144055, -0.8949573945072575, -0.8505054676001094, -0.8060535406929614, -0.7616016137858133, -0.7171496868786653, -0.6726977599715172, -0.6282458330643692, -0.583793906157221, -0.5393419792500729, -0.49489005234292494, -0.45043812543577677, -0.4059861985286286, -0.36153427162148066, -0.3170823447143327, -0.27263041780718433, -0.2281784909000364, -0.18372656399288845, -0.1392746370857405, -0.09482271017859212, -0.050370783271444175, -0.005918856364296232, 0.03853307054285171, 0.0829849974500001, 0.12743692435714804, 0.17188885126429598, 0.21634077817144437, 0.2607927050785923, 0.30524463198574026, 0.3496965588928882, 0.3941484858000366, 0.43860041270718453, 0.48305233961433247, 0.5275042665214809, 0.5719561934286288, 0.6164081203357767, 0.6608600472429247, 0.7053119741500731, 0.749763901057221, 0.794215827964369, 0.8386677548715173, 0.8831196817786653, 0.9275716086858132, 0.9720235355929612, 1.0164754625001096, 1.0609273894072575, 1.1053793163144054, 1.1498312432215534, 1.1942831701287018, 1.2387350970358497, 1.2831870239429977, 1.327638950850146, 1.372090877757294, 1.416542804664442, 1.4609947315715899, 1.5054466584787383, 1.5498985853858862, 1.5943505122930346, 1.6388024392001825, 1.6832543661073305, 1.7277062930144784, 1.7721582199216264, 1.8166101468287743, 1.8610620737359231, 1.905514000643071, 1.949965927550219, 1.994417854457367, 2.0388697813645145], "dt": 0.003968253968253968}