{"bins": [-3.2293545144684157, -3.1692733699175273, -3.109192225366639, -3.0491110808157504, -2.9890299362648616, -2.928948791713973, -2.8688676471630847, -2.8087865026121963, -2.748705358061308, -2.6886242135104195, -2.628543068959531, -2.568461924408642, -2.508380779857754, -2.4482996353068653, -2.388218490755977, -2.3281373462050885, -2.2680562016542, -2.2079750571033117, -2.1478939125524232, -2.087812768001535, -2.027731623450646, -1.9676504788997577, -1.907569334348869, -1.8474881897979807, -1.7874070452470923, -1.7273259006962038, -1.6672447561453154, -1.6071636115944268, -1.5470824670435384, -1.48700132249265, -1.4269201779417613, -1.3668390333908729, -1.3067578888399844, -1.246676744289096, -1.1865955997382076, -1.1265144551873192, -1.0664333106364308, -1.006352166085542, -0.9462710215346535, -0.8861898769837651, -0.8261087324328766, -0.7660275878819882, -0.7059464433310998, -0.6458652987802114, -0.5857841542293225, -0.5257030096784341, -0.46562186512754566, -0.40554072057665724, -0.3454595760257688, -0.2853784314748804, -0.22529728692399198, -0.16521614237310356, -0.10513499782221514, -0.04505385327132627, 0.01502729127956215, 0.07510843583045057, 0.135189580381339, 0.1952707249322274, 0.25535186948311583, 0.31543301403400426, 0.3755141585848931, 0.43559530313578154, 0.49567644768666996, 0.5557575922375584, 0.6158387367884468, 0.6759198813393352, 0.7360010258902236, 0.7960821704411125, 0.8561633149920005, 0.9162444595428894, 0.9763256040937773, 1.0364067486446662, 1.0964878931955542, 1.156569037746443, 1.216650182297332, 1.2767313268482199, 1.3368124713991087, 1.3968936159499967, 1.4569747605008856, 1.5170559050517736, 1.5771370496026624, 1.6372181941535513, 1.6972993387044393, 1.7573804832553281, 1.8174616278062161, 1.877542772357105, 1.937623916907993, 1.9977050614588818, 2.0577862060097707, 2.1178673505606587, 2.1779484951115475, 2.2380296396624355, 2.2981107842133244, 2.3581919287642124, 2.418273073315101, 2.478354217865989, 2.538435362416878, 2.598516506967767, 2.658597651518655, 2.7186787960695438, 2.7787599406204317], "dt": 0.003968253968253968}