{"bins": [-3.2300473521014057, -3.1699511060575682, -3.1098548600137312, -3.049758613969894, -2.9896623679260563, -2.929566121882219, -2.869469875838382, -2.8093736297945444, -2.749277383750707, -2.6891811377068695, -2.6290848916630325, -2.568988645619195, -2.5088923995753576, -2.4487961535315206, -2.388699907487683, -2.3286036614438457, -2.268507415400008, -2.2084111693561708, -2.1483149233123338, -2.0882186772684963, -2.0281224312246593, -1.9680261851808216, -1.9079299391369844, -1.847833693093147, -1.7877374470493097, -1.7276412010054722, -1.667544954961635, -1.6074487089177976, -1.5473524628739603, -1.4872562168301229, -1.4271599707862856, -1.3670637247424482, -1.306967478698611, -1.2468712326547737, -1.1867749866109363, -1.1266787405670988, -1.0665824945232618, -1.0064862484794244, -0.9463900024355869, -0.8862937563917495, -0.8261975103479124, -0.766101264304075, -0.7060050182602375, -0.6459087722164001, -0.5858125261725631, -0.5257162801287256, -0.46562003408488817, -0.4055237880410507, -0.3454275419972137, -0.28533129595337625, -0.2252350499095388, -0.1651388038657018, -0.10504255782186434, -0.04494631177802688, 0.015149934265810572, 0.07524618030964758, 0.13534242635348503, 0.1954386723973225, 0.25553491844115994, 0.31563116448499695, 0.3757274105288344, 0.43582365657267186, 0.4959199026165093, 0.5560161486603463, 0.6161123947041838, 0.6762086407480212, 0.7363048867918582, 0.7964011328356957, 0.8564973788795331, 0.9165936249233706, 0.976689870967208, 1.0367861170110455, 1.096882363054882, 1.1569786090987195, 1.217074855142557, 1.2771711011863944, 1.3372673472302319, 1.3973635932740693, 1.4574598393179068, 1.5175560853617442, 1.5776523314055808, 1.6377485774494183, 1.6978448234932557, 1.7579410695370932, 1.8180373155809306, 1.878133561624768, 1.9382298076686055, 1.998326053712442, 2.0584222997562795, 2.118518545800117, 2.1786147918439545, 2.238711037887792, 2.2988072839316294, 2.358903529975467, 2.4189997760193043, 2.479096022063141, 2.5391922681069783, 2.5992885141508157, 2.659384760194653, 2.7194810062384907, 2.779577252282328], "dt": 0.003968253968253968}