{"bins": [-3.958454994121608, -3.8872942574050082, -3.8161335206884086, -3.744972783971809, -3.6738120472552094, -3.60265131053861, -3.5314905738220106, -3.460329837105411, -3.3891691003888114, -3.3180083636722117, -3.246847626955612, -3.175686890239013, -3.1045261535224133, -3.0333654168058137, -2.962204680089214, -2.8910439433726145, -2.819883206656015, -2.7487224699394153, -2.6775617332228157, -2.606400996506216, -2.5352402597896164, -2.464079523073017, -2.3929187863564176, -2.321758049639818, -2.2505973129232184, -2.179436576206619, -2.108275839490019, -2.03711510277342, -1.9659543660568202, -1.8947936293402208, -1.8236328926236212, -1.7524721559070215, -1.681311419190422, -1.6101506824738223, -1.5389899457572227, -1.467829209040623, -1.3966684723240235, -1.3255077356074243, -1.2543469988908247, -1.183186262174225, -1.1120255254576255, -1.0408647887410258, -0.9697040520244262, -0.8985433153078266, -0.8273825785912274, -0.7562218418746278, -0.6850611051580282, -0.6139003684414286, -0.542739631724829, -0.47157889500822936, -0.40041815829162974, -0.32925742157503013, -0.2580966848584305, -0.18693594814183134, -0.11577521142523173, -0.04461447470863211, 0.026546262007967503, 0.09770699872456667, 0.1688677354411663, 0.2400284721577659, 0.3111892088743655, 0.38234994559096513, 0.45351068230756475, 0.5246714190241644, 0.595832155740764, 0.6669928924573636, 0.7381536291739632, 0.8093143658905628, 0.8804751026071624, 0.9516358393237621, 1.0227965760403617, 1.0939573127569613, 1.165118049473561, 1.2362787861901596, 1.3074395229067592, 1.3786002596233589, 1.4497609963399585, 1.520921733056558, 1.5920824697731577, 1.6632432064897573, 1.734403943206357, 1.8055646799229566, 1.8767254166395562, 1.9478861533561558, 2.0190468900727554, 2.090207626789355, 2.1613683635059546, 2.2325291002225542, 2.303689836939153, 2.3748505736557526, 2.446011310372352, 2.517172047088952, 2.5883327838055514, 2.659493520522151, 2.7306542572387507, 2.8018149939553503, 2.87297573067195, 2.9441364673885495, 3.015297204105149, 3.0864579408217487, 3.157618677538349], "dt": 0.003968253968253968}