{"bins": [-2.407015746983282, -2.362549640791509, -2.3180835345997366, -2.273617428407964, -2.2291513222161914, -2.1846852160244192, -2.1402191098326466, -2.095753003640874, -2.0512868974491014, -2.006820791257329, -1.9623546850655562, -1.9178885788737838, -1.8734224726820112, -1.8289563664902386, -1.7844902602984662, -1.7400241541066936, -1.695558047914921, -1.6510919417231484, -1.6066258355313758, -1.5621597293396035, -1.5176936231478309, -1.4732275169560582, -1.4287614107642859, -1.3842953045725133, -1.3398291983807407, -1.295363092188968, -1.2508969859971955, -1.206430879805423, -1.1619647736136505, -1.1174986674218779, -1.0730325612301055, -1.0285664550383329, -0.9841003488465603, -0.9396342426547877, -0.8951681364630151, -0.8507020302712427, -0.8062359240794701, -0.7617698178876975, -0.7173037116959251, -0.6728376055041525, -0.6283714993123799, -0.5839053931206073, -0.5394392869288347, -0.4949731807370623, -0.4505070745452897, -0.40604096835351733, -0.3615748621617447, -0.3171087559699721, -0.2726426497781995, -0.22817654358642692, -0.1837104373946543, -0.1392443312028817, -0.09477822501110911, -0.05031211881933695, -0.005846012627564345, 0.03862009356420826, 0.08308619975598086, 0.12755230594775346, 0.17201841213952607, 0.21648451833129867, 0.26095062452307083, 0.30541673071484343, 0.34988283690661603, 0.39434894309838864, 0.43881504929016124, 0.48328115548193384, 0.5277472616737064, 0.572213367865479, 0.6166794740572517, 0.6611455802490238, 0.7056116864407964, 0.750077792632569, 0.7945438988243416, 0.8390100050161142, 0.8834761112078868, 0.9279422173996594, 0.9724083235914316, 1.0168744297832042, 1.0613405359749768, 1.1058066421667494, 1.150272748358522, 1.1947388545502946, 1.2392049607420672, 1.2836710669338398, 1.3281371731256124, 1.3726032793173846, 1.4170693855091572, 1.4615354917009298, 1.5060015978927024, 1.550467704084475, 1.5949338102762471, 1.6393999164680197, 1.6838660226597923, 1.728332128851565, 1.7727982350433376, 1.8172643412351102, 1.8617304474268828, 1.9061965536186554, 1.950662659810428, 1.9951287660022006, 2.0395948721939736], "dt": 0.003968253968253968}