{"bins": [-3.8822040519188747, -3.8141808387456995, -3.7461576255725237, -3.6781344123993485, -3.610111199226173, -3.5420879860529975, -3.474064772879822, -3.4060415597066465, -3.338018346533471, -3.269995133360296, -3.20197192018712, -3.133948707013945, -3.065925493840769, -2.997902280667594, -2.9298790674944186, -2.8618558543212433, -2.7938326411480676, -2.725809427974892, -2.6577862148017166, -2.5897630016285413, -2.521739788455366, -2.4537165752821903, -2.385693362109015, -2.3176701489358393, -2.249646935762664, -2.181623722589489, -2.113600509416313, -2.0455772962431378, -1.9775540830699623, -1.9095308698967868, -1.8415076567236115, -1.7734844435504358, -1.7054612303772605, -1.6374380172040852, -1.5694148040309095, -1.5013915908577342, -1.4333683776845585, -1.3653451645113832, -1.297321951338208, -1.2292987381650322, -1.161275524991857, -1.0932523118186817, -1.025229098645506, -0.9572058854723307, -0.8891826722991554, -0.8211594591259797, -0.7531362459528044, -0.6851130327796287, -0.6170898196064534, -0.5490666064332781, -0.48104339326010237, -0.4130201800869271, -0.34499696691375137, -0.2769737537405761, -0.2089505405674008, -0.1409273273942251, -0.07290411422104981, -0.004880901047874531, 0.06314231212530119, 0.13116552529847647, 0.19918873847165175, 0.26721195164482703, 0.3352351648180032, 0.4032583779911785, 0.47128159116435375, 0.539304804337529, 0.6073280175107043, 0.6753512306838805, 0.7433744438570558, 0.811397657030231, 0.8794208702034063, 0.9474440833765816, 1.0154672965497578, 1.083490509722933, 1.1515137228961083, 1.2195369360692836, 1.2875601492424589, 1.3555833624156342, 1.4236065755888103, 1.4916297887619856, 1.5596530019351609, 1.6276762151083362, 1.6956994282815114, 1.7637226414546876, 1.8317458546278629, 1.8997690678010382, 1.9677922809742134, 2.0358154941473887, 2.103838707320564, 2.17186192049374, 2.2398851336669154, 2.3079083468400907, 2.375931560013266, 2.4439547731864413, 2.5119779863596174, 2.5800011995327927, 2.648024412705968, 2.7160476258791433, 2.7840708390523186, 2.8520940522254947, 2.92011726539867], "dt": 0.003968253968253968}