{"bins": [-2.49747103115692, -2.451255436009117, -2.4050398408613134, -2.3588242457135102, -2.312608650565707, -2.2663930554179035, -2.2201774602701003, -2.1739618651222967, -2.1277462699744936, -2.0815306748266904, -2.035315079678887, -1.9890994845310837, -1.9428838893832805, -1.896668294235477, -1.8504526990876737, -1.8042371039398704, -1.758021508792067, -1.7118059136442638, -1.6655903184964604, -1.619374723348657, -1.573159128200854, -1.5269435330530505, -1.4807279379052471, -1.4345123427574438, -1.3882967476096406, -1.3420811524618372, -1.2958655573140339, -1.2496499621662307, -1.2034343670184273, -1.157218771870624, -1.1110031767228206, -1.0647875815750174, -1.018571986427214, -0.9723563912794106, -0.9261407961316075, -0.8799252009838041, -0.8337096058360007, -0.7874940106881974, -0.7412784155403942, -0.6950628203925908, -0.6488472252447874, -0.6026316300969843, -0.5564160349491809, -0.5102004398013775, -0.46398484465357415, -0.417769249505771, -0.3715536543579674, -0.32533805921016423, -0.2791224640623611, -0.23290686891455747, -0.18669127376675432, -0.14047567861895116, -0.09426008347114756, -0.0480444883233444, -0.0018288931755412463, 0.044386701972262355, 0.09060229712006551, 0.13681789226786867, 0.18303348741567227, 0.22924908256347543, 0.275464677711279, 0.3216802728590822, 0.36789586800688534, 0.41411146315468894, 0.4603270583024921, 0.5065426534502953, 0.5527582485980989, 0.598973843745902, 0.6451894388937052, 0.6914050340415088, 0.7376206291893119, 0.7838362243371155, 0.8300518194849187, 0.8762674146327218, 0.9224830097805254, 0.9686986049283286, 1.0149142000761318, 1.0611297952239354, 1.1073453903717385, 1.1535609855195417, 1.1997765806673453, 1.2459921758151484, 1.2922077709629516, 1.3384233661107552, 1.3846389612585583, 1.430854556406362, 1.477070151554165, 1.5232857467019687, 1.5695013418497719, 1.615716936997575, 1.6619325321453782, 1.7081481272931813, 1.7543637224409854, 1.8005793175887885, 1.8467949127365917, 1.8930105078843948, 1.939226103032198, 1.9854416981800012, 2.031657293327805, 2.0778728884756084, 2.124088483623412], "dt": 0.003952569169960474}