{"bins": [-3.8769469548770337, -3.8093756505999665, -3.7418043463228994, -3.674233042045832, -3.6066617377687646, -3.5390904334916975, -3.4715191292146304, -3.403947824937563, -3.3363765206604956, -3.2688052163834285, -3.2012339121063613, -3.133662607829294, -3.066091303552227, -2.9985199992751594, -2.9309486949980927, -2.863377390721025, -2.795806086443958, -2.728234782166891, -2.6606634778898233, -2.5930921736127566, -2.525520869335689, -2.457949565058622, -2.3903782607815547, -2.322806956504487, -2.2552356522274204, -2.187664347950353, -2.1200930436732857, -2.0525217393962185, -1.9849504351191514, -1.917379130842084, -1.8498078265650166, -1.7822365222879495, -1.7146652180108823, -1.6470939137338152, -1.579522609456748, -1.5119513051796805, -1.4443800009026133, -1.3768086966255462, -1.309237392348479, -1.2416660880714119, -1.1740947837943443, -1.1065234795172771, -1.03895217524021, -0.9713808709631429, -0.9038095666860757, -0.8362382624090086, -0.768666958131941, -0.7010956538548738, -0.6335243495778067, -0.5659530453007395, -0.4983817410236724, -0.4308104367466048, -0.36323913246953765, -0.2956678281924705, -0.22809652391540336, -0.16052521963833621, -0.09295391536126907, -0.02538261108420148, 0.04218869319286567, 0.10975999746993281, 0.1773313017470004, 0.2449026060240671, 0.3124739103011347, 0.3800452145782014, 0.447616518855269, 0.5151878231323366, 0.5827591274094033, 0.6503304316864709, 0.7179017359635376, 0.7854730402406052, 0.8530443445176727, 0.9206156487947394, 0.988186953071807, 1.0557582573488737, 1.1233295616259413, 1.190900865903009, 1.2584721701800756, 1.3260434744571432, 1.39361477873421, 1.4611860830112775, 1.528757387288345, 1.5963286915654118, 1.6638999958424794, 1.731471300119546, 1.7990426043966137, 1.8666139086736804, 1.934185212950748, 2.0017565172278156, 2.0693278215048823, 2.13689912578195, 2.2044704300590166, 2.272041734336084, 2.3396130386131517, 2.4071843428902184, 2.474755647167286, 2.5423269514443527, 2.6098982557214203, 2.677469559998488, 2.7450408642755546, 2.812612168552622, 2.8801834728296893], "dt": 0.003952569169960474}