{"bins": [-1.656544804044592], "dt": 0.003952569169960474}