{"bins": [-3.878438407832631, -3.810846874881678, -3.743255341930725, -3.675663808979772, -3.6080722760288193, -3.540480743077867, -3.472889210126914, -3.405297677175961, -3.337706144225008, -3.2701146112740553, -3.2025230783231025, -3.13493154537215, -3.067340012421197, -2.9997484794702443, -2.9321569465192914, -2.8645654135683385, -2.7969738806173856, -2.7293823476664327, -2.66179081471548, -2.594199281764527, -2.526607748813574, -2.459016215862621, -2.3914246829116688, -2.323833149960716, -2.256241617009763, -2.18865008405881, -2.1210585511078572, -2.053467018156905, -1.9858754852059517, -1.9182839522549988, -1.8506924193040462, -1.7831008863530933, -1.7155093534021404, -1.6479178204511875, -1.5803262875002346, -1.5127347545492817, -1.4451432215983289, -1.3775516886473764, -1.3099601556964235, -1.2423686227454707, -1.1747770897945178, -1.107185556843565, -1.039594023892612, -0.9720024909416591, -0.9044109579907067, -0.8368194250397538, -0.7692278920888009, -0.701636359137848, -0.6340448261868952, -0.5664532932359423, -0.4988617602849894, -0.4312702273340365, -0.36367869438308364, -0.2960871614321312, -0.22849562848117833, -0.16090409553022544, -0.09331256257927256, -0.02572102962831968, 0.0418705033226332, 0.10946203627358608, 0.17705356922453852, 0.2446451021754914, 0.3122366351264443, 0.37982816807739717, 0.44741970102835005, 0.5150112339793029, 0.5826027669302558, 0.6501942998812087, 0.7177858328321616, 0.7853773657831145, 0.8529688987340673, 0.9205604316850202, 0.9881519646359731, 1.055743497586925, 1.123335030537878, 1.1909265634888309, 1.2585180964397837, 1.3261096293907366, 1.3937011623416895, 1.4612926952926424, 1.5288842282435953, 1.5964757611945481, 1.664067294145501, 1.731658827096454, 1.7992503600474068, 1.8668418929983597, 1.9344334259493126, 2.0020249589002654, 2.0696164918512174, 2.1372080248021703, 2.204799557753123, 2.272391090704076, 2.339982623655029, 2.407574156605982, 2.4751656895569347, 2.5427572225078876, 2.6103487554588405, 2.6779402884097934, 2.7455318213607462, 2.813123354311699, 2.8807148872626516], "dt": 0.003952569169960474}