{"bins": [-1.0114044321448323, -0.9913385051379611, -0.9712725781310899, -0.9512066511242186, -0.9311407241173474, -0.9110747971104761, -0.891008870103605, -0.8709429430967337, -0.8508770160898624, -0.8308110890829912, -0.81074516207612, -0.7906792350692488, -0.7706133080623776, -0.7505473810555063, -0.7304814540486351, -0.7104155270417638, -0.6903496000348925, -0.6702836730280214, -0.6502177460211501, -0.630151819014279, -0.6100858920074077, -0.5900199650005364, -0.5699540379936652, -0.5498881109867939, -0.5298221839799228, -0.5097562569730515, -0.4896903299661802, -0.4696244029593091, -0.4495584759524378, -0.42949254894556654, -0.4094266219386953, -0.3893606949318241, -0.36929476792495286, -0.3492288409180816, -0.32916291391121044, -0.3090969869043392, -0.2890310598974679, -0.26896513289059665, -0.2488992058837255, -0.22883327887685423, -0.20876735186998296, -0.1887014248631118, -0.16863549785624055, -0.14856957084936928, -0.12850364384249802, -0.10843771683562686, -0.0883717898287556, -0.06830586282188433, -0.04823993581501318, -0.028174008808141915, -0.00810808180127065, 0.011957845205600615, 0.03202377221247188, 0.052089699219343144, 0.07215562622621419, 0.09222155323308545, 0.11228748023995672, 0.13235340724682798, 0.15241933425369925, 0.1724852612605705, 0.19255118826744178, 0.21261711527431282, 0.23268304228118408, 0.25274896928805535, 0.2728148962949266, 0.2928808233017979, 0.31294675030866914, 0.3330126773155404, 0.35307860432241145, 0.3731445313292827, 0.393210458336154, 0.41327638534302524, 0.4333423123498965, 0.4534082393567678, 0.47347416636363904, 0.4935400933705101, 0.5136060203773813, 0.5336719473842526, 0.5537378743911239, 0.5738038013979951, 0.5938697284048664, 0.6139356554117377, 0.6340015824186087, 0.65406750942548, 0.6741334364323512, 0.6941993634392225, 0.7142652904460938, 0.734331217452965, 0.7543971444598363, 0.7744630714667073, 0.7945289984735786, 0.8145949254804499, 0.8346608524873211, 0.8547267794941924, 0.8747927065010637, 0.8948586335079349, 0.914924560514806, 0.9349904875216772, 0.9550564145285485, 0.9751223415354198, 0.9951882685422911], "dt": 0.0039545454545454545}