{"bins": [-2.4984591734494104, -2.452243578301607, -2.4060279831538036, -2.3598123880060005, -2.3135967928581973, -2.2673811977103937, -2.2211656025625905, -2.174950007414787, -2.128734412266984, -2.0825188171191806, -2.036303221971377, -1.9900876268235739, -1.9438720316757707, -1.8976564365279671, -1.851440841380164, -1.8052252462323606, -1.7590096510845572, -1.712794055936754, -1.6665784607889507, -1.6203628656411473, -1.5741472704933441, -1.5279316753455408, -1.4817160801977374, -1.435500485049934, -1.3892848899021308, -1.3430692947543275, -1.296853699606524, -1.250638104458721, -1.2044225093109175, -1.1582069141631142, -1.1119913190153108, -1.0657757238675076, -1.0195601287197043, -0.9733445335719009, -0.9271289384240977, -0.8809133432762943, -0.834697748128491, -0.7884821529806876, -0.7422665578328844, -0.696050962685081, -0.6498353675372777, -0.6036197723894745, -0.5574041772416711, -0.5111885820938677, -0.46497298694606437, -0.4187573917982612, -0.3725417966504576, -0.32632620150265446, -0.2801106063548513, -0.2338950112070477, -0.18767941605924454, -0.14146382091144138, -0.09524822576363778, -0.04903263061583463, -0.00281703546803147, 0.04339855967977213, 0.08961415482757529, 0.13582974997537844, 0.18204534512318205, 0.2282609402709852, 0.2744765354187888, 0.32069213056659196, 0.3669077257143951, 0.4131233208621987, 0.4593389160100019, 0.505554511157805, 0.5517701063056086, 0.5979857014534118, 0.644201296601215, 0.6904168917490185, 0.7366324868968217, 0.7828480820446253, 0.8290636771924285, 0.8752792723402316, 0.9214948674880352, 0.9677104626358384, 1.0139260577836415, 1.0601416529314451, 1.1063572480792483, 1.1525728432270514, 1.198788438374855, 1.2450040335226582, 1.2912196286704614, 1.337435223818265, 1.3836508189660681, 1.4298664141138717, 1.4760820092616749, 1.5222976044094785, 1.5685131995572816, 1.6147287947050848, 1.660944389852888, 1.707159985000691, 1.7533755801484951, 1.7995911752962983, 1.8458067704441015, 1.8920223655919046, 1.9382379607397078, 1.984453555887511, 2.030669151035315, 2.076884746183118, 2.1231003413309217], "dt": 0.003952569169960474}